{"cameraMode":{"drawMode":0,"name":"Shaded","section":"Shading Mode"},"sceneLighting":true,"audioPlay":false,"sceneViewState":{"m_AlwaysRefresh":false,"showFog":true,"showSkybox":true,"showFlares":true,"showImageEffects":true,"showParticleSystems":true,"showVisualEffectGraphs":true,"m_FxEnabled":true},"in2DMode":false,"pivot":{"x":2.638977527618408,"y":-0.5080738067626953,"z":2.299571990966797},"rotation":{"x":0.22719843685626985,"y":0.19988282024860383,"z":-0.047857869416475299,"w":0.9519665837287903},"size":3.450279712677002,"orthographic":false}