{"cameraMode":{"drawMode":0,"name":"Shaded","section":"Shading Mode"},"sceneLighting":true,"audioPlay":false,"sceneViewState":{"m_AlwaysRefresh":false,"showFog":true,"showSkybox":true,"showFlares":true,"showImageEffects":true,"showParticleSystems":true,"showVisualEffectGraphs":true,"m_FxEnabled":true},"in2DMode":false,"pivot":{"x":5.111270904541016,"y":28.801074981689454,"z":21.973094940185548},"rotation":{"x":0.21449166536331178,"y":-0.5982825756072998,"z":0.17042049765586854,"w":0.7529993653297424},"size":45.651329040527347,"orthographic":false}