{"cameraMode":{"drawMode":0,"name":"Shaded","section":"Shading Mode"},"sceneLighting":true,"audioPlay":false,"sceneViewState":{"m_AlwaysRefresh":false,"showFog":true,"showSkybox":true,"showFlares":true,"showImageEffects":true,"showParticleSystems":true,"showVisualEffectGraphs":true,"m_FxEnabled":true},"in2DMode":false,"pivot":{"x":4.890738010406494,"y":1.0799998044967652,"z":-10.143441200256348},"rotation":{"x":0.09229942411184311,"y":-0.075501449406147,"z":0.007022771518677473,"w":0.9928470253944397},"size":0.8660253882408142,"orthographic":false}