{"cameraMode":{"drawMode":0,"name":"Shaded","section":"Shading Mode"},"sceneLighting":true,"audioPlay":false,"sceneViewState":{"m_AlwaysRefresh":false,"showFog":true,"showSkybox":true,"showFlares":true,"showImageEffects":true,"showParticleSystems":true,"showVisualEffectGraphs":true,"m_FxEnabled":true},"in2DMode":false,"pivot":{"x":-1.4700002670288087,"y":45.27000045776367,"z":-6.1449995040893559},"rotation":{"x":0.18165624141693116,"y":0.29153820872306826,"z":-0.056484755128622058,"w":0.9374741911888123},"size":59.820438385009769,"orthographic":false}