{"cameraMode":{"drawMode":0,"name":"Shaded","section":"Shading Mode"},"sceneLighting":true,"audioPlay":false,"sceneViewState":{"m_AlwaysRefresh":false,"showFog":true,"showSkybox":true,"showFlares":true,"showImageEffects":true,"showParticleSystems":true,"showVisualEffectGraphs":true,"m_FxEnabled":true},"in2DMode":false,"pivot":{"x":-5.6695942878723148,"y":1.0799999237060547,"z":9.380725860595704},"rotation":{"x":0.19341975450515748,"y":-0.11011693626642227,"z":0.021851057186722757,"w":0.9746805429458618},"size":1.2247449159622193,"orthographic":false}