{"cameraMode":{"drawMode":0,"name":"Shaded","section":"Shading Mode"},"sceneLighting":true,"audioPlay":false,"sceneViewState":{"m_AlwaysRefresh":false,"showFog":true,"showSkybox":true,"showFlares":true,"showImageEffects":true,"showParticleSystems":true,"showVisualEffectGraphs":true,"m_FxEnabled":true},"in2DMode":false,"pivot":{"x":-0.3186221122741699,"y":9.309964179992676,"z":0.11696624755859375},"rotation":{"x":0.16923831403255464,"y":-0.15424148738384248,"z":0.02681572735309601,"w":0.97307288646698},"size":64.28858947753906,"orthographic":false}